-- Technical_Specialists
INSERT INTO Technical_Specialists (First_Name, Middle_Name, Last_Name, Email, Phone_Number, Date_Of_Birth, Passport_Data, Number_Of_Orders)
VALUES
('Иван', 'Иванович', 'Иванов', 'ivanov@example.com', '+79123456789', '1990-01-01', '1233 456677', 100),
('Петр', 'Петрович', 'Петров', 'petrov@example.com', '+79123456788', '1991-01-01', '2233 456677', 200),
('Александр', 'Александрович', 'Александров', 'alexandrov@example.com', '+79123456787', '1992-01-01', '3233 456677', 300),
('Сергей', 'Сергеевич', 'Сергеев', 'sergeev@example.com', '+79123456786', '1993-01-01', '4233 456677', 400),
('Максим', 'Максимович', 'Максимов', 'maximov@example.com', '+79123456785', '1994-01-01', '5233 456677', 500);

-- Service_Centers
INSERT INTO Service_Centers (Location, Contact_Number, Email, Operating_Hours, Degree_Of_Workload)
VALUES
('Москва, ул. Пушкина, 1', '+79123456789', 'service1@example.com', '9:00 - 18:00', 'Высокая'),
('Санкт-Петербург, ул. Невского, 2', '+79123456788', 'service2@example.com', '10:00 - 19:00', 'Средняя'),
('Казань, ул. Баумана, 3', '+79123456787', 'service3@example.com', '11:00 - 20:00', 'Низкая'),
('Новосибирск, ул. Ленина, 4', '+79123456786', 'service4@example.com', '12:00 - 21:00', 'Высокая'),
('Екатеринбург, ул. Малышева, 5', '+79123456785', 'service5@example.com', '13:00 - 22:00', 'Средняя');

-- Offices
INSERT INTO Offices (Name_Office, Location, Phone_Number, Email, Working_Hours, Equipment, Policies, Remarks, Rating)
VALUES
('Офис 1', 'Москва, ул. Пушкина, 1', '+79123456789', 'office1@example.com', '9:00 - 18:00', 'Принтер, сканер', 'Политика конфиденциальности', 'Отличный сервис', 5),
('Офис 2', 'Санкт-Петербург, ул. Невского, 2', '+79123456788', 'office2@example.com', '10:00 - 19:00', 'Принтер, сканер, факс', 'Политика конфиденциальности', 'Быстрый сервис', 4),
('Офис 3', 'Казань, ул. Баумана, 3', '+79123456787', 'office3@example.com', '11:00 - 20:00', 'Принтер, сканер', 'Политика конфиденциальности', 'Приятный персонал', 3),
('Офис 4', 'Новосибирск, ул. Ленина, 4', '+79123456786', 'office4@example.com', '12:00 - 21:00', 'Принтер, сканер, факс', 'Политика конфиденциальности', 'Удобное расположение', 2),
('Офис 5', 'Екатеринбург, ул. Малышева, 5', '+79123456785', 'office5@example.com', '13:00 - 22:00', 'Принтер, сканер', 'Политика конфиденциальности', 'Недостаточно парковочных мест', 1);

-- Orders
INSERT INTO Orders (Office_ID, ServiceCenter_ID, Order_Date, Ship_Date, Total_Amount, Payment_Method, Priority, Notes)
VALUES
(1, 1, '2022-01-01', '2022-01-02', '1000', 'Наличные', 'Высокий', 'Быстрая доставка'),
(2, 2, '2022-01-01', '2022-01-03', '2000', 'Банковская карта', 'Средний', 'Доставка в выходной день'),
(3, 3, '2022-01-01', '2022-01-04', '3000', 'Наличные', 'Низкий', 'Доставка без контакта'),
(4, 4, '2022-01-01', '2022-01-05', '4000', 'Банковская карта', 'Высокий', 'Доставка в заданное время'),
(5, 5, '2022-01-01', '2022-01-06', '5000', 'Наличные', 'Средний', 'Доставка в удобное для клиента время');

-- Devices
INSERT INTO Devices (Order_ID, Description, Manufacturer, Model, Serial_Number, Release_Date, Price, Weight, Color, Dimensions)
VALUES
(1, 'Смартфон', 'Apple', 'iPhone 13', '1233ABC', '2021-09-14', '1000', '173', 'Черный', '146.7 x 71.5 x 7.65 мм'),
(2, 'Ноутбук', 'Dell', 'Inspiron 15', '2233ABC', '2021-01-01', '2000', '1800', 'Серебристый', '365 x 254 x 20.9 мм'),
(3, 'Планшет', 'Samsung', 'Galaxy Tab S7', '3233ABC', '2020-08-05', '3000', '498', 'Бронзовый', '253.8 x 165.3 x 6.3 мм'),
(4, 'Смарт-часы', 'Garmin', 'Forerunner 945', '4233ABC', '2019-05-30', '4000', '50', 'Черный', '47 x 47 x 13.7 мм'),
(5, 'Наушники', 'Bose', 'QuietComfort 35 II', '5233ABC', '2017-09-01', '5000', '235', 'Черный', '180 x 170 x 81 мм');

-- Spare_Parts
INSERT INTO Spare_Parts (Device_ID, Description, Manufacturer, Model, Serial_Number, Price, Weight, Dimensions, Availability)
VALUES
(1, 'Аккумулятор', 'Apple', 'A2589', '1233ABC', '100', '10', '58 x 73.5 x 3.25 мм', 'В наличии'),
(2, 'Процессор', 'Intel', 'Core i7-11800H', '2233ABC', '200', '20', '37.5 x 45 мм', 'В наличии'),
(3, 'Экран', 'Samsung', 'SM-T870', '3233ABC', '300', '30', '253.8 x 165.3 мм', 'Под заказ'),
(4, 'Ремень', 'Garmin', '22-02116-00', '4233ABC', '400', '40', '22 x 0.8 x 0.5 см', 'В наличии'),
(5, 'Корпус', 'Bose', '830396-0010', '5233ABC', '500', '50', '180 x 170 x 81 мм', 'Под заказ');

-- Clients
INSERT INTO Clients (Office_ID, First_Name, Middle_Name, Last_Name, Email, Phone_Number, Date_Of_Birth, Passport_Data)
VALUES
(1, 'Иван', 'Иванович', 'Иванов', 'ivanov@example.com', '+79123456789', '1990-01-01', '1233 456677'),
(2, 'Петр', 'Петрович', 'Петров', 'petrov@example.com', '+79123456788', '1991-01-01', '2233 456677'),
(3, 'Александр', 'Александрович', 'Александров', 'alexandrov@example.com', '+79123456787', '1992-01-01', '3233 456677'),
(4, 'Сергей', 'Сергеевич', 'Сергеев', 'sergeev@example.com', '+79123456786', '1993-01-01', '4233 456677'),
(5, 'Максим', 'Максимович', 'Максимов', 'maximov@example.com', '+79123456785', '1994-01-01', '5233 456677');

-- Employments
INSERT INTO Employments (TechnicalSpecialist_ID, ServiceCenter_ID)
VALUES
(1, 1),
(2, 2),
(3, 3),
(4, 4),
(5, 5);
