--
-- PostgreSQL database cluster dump
--

-- Started on 2024-05-30 08:53:51 UTC

SET default_transaction_read_only = off;

SET client_encoding = 'UTF8';
SET standard_conforming_strings = on;

--
-- Roles
--

CREATE ROLE postgres;
ALTER ROLE postgres WITH SUPERUSER INHERIT CREATEROLE CREATEDB LOGIN REPLICATION BYPASSRLS PASSWORD 'SCRAM-SHA-256$4096:gy03GNmB5sFasWJ/gszH8g==$D8fgEhbbrMPEiyxiahpRPJcXb7pfXkbtKNFHX/84dEk=:XkmA0UH0TY7t+TQNlbq0Q9dnGJrHXikWxxphAeH/jnQ=';
CREATE ROLE read_only_role;
ALTER ROLE read_only_role WITH NOSUPERUSER INHERIT NOCREATEROLE NOCREATEDB NOLOGIN NOREPLICATION NOBYPASSRLS;
CREATE ROLE read_write_role;
ALTER ROLE read_write_role WITH NOSUPERUSER INHERIT NOCREATEROLE NOCREATEDB NOLOGIN NOREPLICATION NOBYPASSRLS;
CREATE ROLE ttsypyshev;
ALTER ROLE ttsypyshev WITH NOSUPERUSER INHERIT NOCREATEROLE NOCREATEDB LOGIN NOREPLICATION NOBYPASSRLS PASSWORD 'SCRAM-SHA-256$4096:TsE3dzPrzhUyfT8MdL0Wdg==$pYpgZSaPTuZleHUMdN3rwgD388w+EvQbKp6A8+P/vzo=:ga5EaR5tDrCWJ2zDOlT5x4ca1bgDJbF9MzWCRuvRSjY=';

--
-- User Configurations
--


--
-- Role memberships
--

GRANT pg_monitor TO ttsypyshev WITH INHERIT TRUE GRANTED BY postgres;
GRANT read_write_role TO ttsypyshev WITH INHERIT TRUE GRANTED BY postgres;






--
-- Databases
--

--
-- Database "template1" dump
--

\connect template1

--
-- PostgreSQL database dump
--

-- Dumped from database version 16.2
-- Dumped by pg_dump version 16.1

-- Started on 2024-05-30 08:53:51 UTC

SET statement_timeout = 0;
SET lock_timeout = 0;
SET idle_in_transaction_session_timeout = 0;
SET client_encoding = 'UTF8';
SET standard_conforming_strings = on;
SELECT pg_catalog.set_config('search_path', '', false);
SET check_function_bodies = false;
SET xmloption = content;
SET client_min_messages = warning;
SET row_security = off;

-- Completed on 2024-05-30 08:53:51 UTC

--
-- PostgreSQL database dump complete
--

--
-- Database "labs" dump
--

--
-- PostgreSQL database dump
--

-- Dumped from database version 16.2
-- Dumped by pg_dump version 16.1

-- Started on 2024-05-30 08:53:51 UTC

SET statement_timeout = 0;
SET lock_timeout = 0;
SET idle_in_transaction_session_timeout = 0;
SET client_encoding = 'UTF8';
SET standard_conforming_strings = on;
SELECT pg_catalog.set_config('search_path', '', false);
SET check_function_bodies = false;
SET xmloption = content;
SET client_min_messages = warning;
SET row_security = off;

--
-- TOC entry 3451 (class 1262 OID 16597)
-- Name: labs; Type: DATABASE; Schema: -; Owner: postgres
--

CREATE DATABASE labs WITH TEMPLATE = template0 ENCODING = 'UTF8' LOCALE_PROVIDER = libc LOCALE = 'en_US.utf8';


ALTER DATABASE labs OWNER TO postgres;

\connect labs

SET statement_timeout = 0;
SET lock_timeout = 0;
SET idle_in_transaction_session_timeout = 0;
SET client_encoding = 'UTF8';
SET standard_conforming_strings = on;
SELECT pg_catalog.set_config('search_path', '', false);
SET check_function_bodies = false;
SET xmloption = content;
SET client_min_messages = warning;
SET row_security = off;

SET default_tablespace = '';

SET default_table_access_method = heap;

--
-- TOC entry 215 (class 1259 OID 16598)
-- Name: customers; Type: TABLE; Schema: public; Owner: postgres
--

CREATE TABLE public.customers (
    idcustomer integer NOT NULL,
    companyname character varying(100),
    lastname character varying(50) NOT NULL,
    firstname character varying(50) NOT NULL,
    adress character varying(250),
    city character varying(50),
    indexcode character varying(20),
    phone character varying(20),
    email character varying(255)
);


ALTER TABLE public.customers OWNER TO postgres;

--
-- TOC entry 219 (class 1259 OID 16608)
-- Name: orders; Type: TABLE; Schema: public; Owner: postgres
--

CREATE TABLE public.orders (
    idorder integer NOT NULL,
    idcustomer integer NOT NULL,
    orderdate date DEFAULT CURRENT_DATE NOT NULL,
    shipdate date,
    paiddate date,
    status character(1),
    CONSTRAINT check_paid_date CHECK ((paiddate >= shipdate)),
    CONSTRAINT check_ship_date CHECK ((shipdate > orderdate)),
    CONSTRAINT orders_status_check CHECK ((status = ANY (ARRAY['C'::bpchar, 'P'::bpchar, 'A'::bpchar])))
);


ALTER TABLE public.orders OWNER TO postgres;

--
-- TOC entry 224 (class 1259 OID 17210)
-- Name: customer_orders; Type: VIEW; Schema: public; Owner: postgres
--

CREATE VIEW public.customer_orders AS
 SELECT c.companyname AS customername,
    o.orderdate AS dateordered,
    o.shipdate AS dateshipped,
    o.paiddate AS datepaid,
    o.status AS orderstatus
   FROM (public.customers c
     JOIN public.orders o ON ((c.idcustomer = o.idcustomer)))
  WHERE (o.status = 'C'::bpchar);


ALTER VIEW public.customer_orders OWNER TO postgres;

--
-- TOC entry 216 (class 1259 OID 16603)
-- Name: customers_idcustomer_seq; Type: SEQUENCE; Schema: public; Owner: postgres
--

ALTER TABLE public.customers ALTER COLUMN idcustomer ADD GENERATED BY DEFAULT AS IDENTITY (
    SEQUENCE NAME public.customers_idcustomer_seq
    START WITH 1
    INCREMENT BY 1
    NO MINVALUE
    NO MAXVALUE
    CACHE 1
);


--
-- TOC entry 217 (class 1259 OID 16604)
-- Name: items; Type: TABLE; Schema: public; Owner: postgres
--

CREATE TABLE public.items (
    itemid integer NOT NULL,
    orderid integer NOT NULL,
    productid integer NOT NULL,
    quantity integer NOT NULL,
    total money
);


ALTER TABLE public.items OWNER TO postgres;

--
-- TOC entry 218 (class 1259 OID 16607)
-- Name: items_itemid_seq; Type: SEQUENCE; Schema: public; Owner: postgres
--

ALTER TABLE public.items ALTER COLUMN itemid ADD GENERATED BY DEFAULT AS IDENTITY (
    SEQUENCE NAME public.items_itemid_seq
    START WITH 1
    INCREMENT BY 1
    NO MINVALUE
    NO MAXVALUE
    CACHE 1
);


--
-- TOC entry 221 (class 1259 OID 16614)
-- Name: products; Type: TABLE; Schema: public; Owner: postgres
--

CREATE TABLE public.products (
    idproduct integer NOT NULL,
    prname character varying(150) NOT NULL,
    prprice money,
    instock integer,
    reorder boolean,
    description text
);


ALTER TABLE public.products OWNER TO postgres;

--
-- TOC entry 223 (class 1259 OID 17061)
-- Name: orderdetails; Type: VIEW; Schema: public; Owner: postgres
--

CREATE VIEW public.orderdetails AS
 SELECT o.idorder,
    o.orderdate,
    o.shipdate,
    o.paiddate,
    o.status,
    c.companyname,
    c.lastname AS customerlastname,
    c.firstname AS customerfirstname,
    i.productid,
    p.prname AS productname,
    i.quantity,
    i.total
   FROM (((public.orders o
     JOIN public.customers c ON ((o.idcustomer = c.idcustomer)))
     JOIN public.items i ON ((o.idorder = i.orderid)))
     JOIN public.products p ON ((i.productid = p.idproduct)));


ALTER VIEW public.orderdetails OWNER TO postgres;

--
-- TOC entry 220 (class 1259 OID 16613)
-- Name: orders_idorder_seq; Type: SEQUENCE; Schema: public; Owner: postgres
--

ALTER TABLE public.orders ALTER COLUMN idorder ADD GENERATED BY DEFAULT AS IDENTITY (
    SEQUENCE NAME public.orders_idorder_seq
    START WITH 1
    INCREMENT BY 1
    NO MINVALUE
    NO MAXVALUE
    CACHE 1
);


--
-- TOC entry 225 (class 1259 OID 25636)
-- Name: person; Type: TABLE; Schema: public; Owner: postgres
--

CREATE TABLE public.person (
    id integer NOT NULL,
    code character varying(50),
    first_name character varying(50),
    last_name character varying(50),
    gender character varying(10),
    email character varying(100),
    phone character varying(15),
    birth_date timestamp without time zone,
    occupation character varying(50)
);


ALTER TABLE public.person OWNER TO postgres;

--
-- TOC entry 222 (class 1259 OID 16619)
-- Name: products_idproduct_seq; Type: SEQUENCE; Schema: public; Owner: postgres
--

ALTER TABLE public.products ALTER COLUMN idproduct ADD GENERATED BY DEFAULT AS IDENTITY (
    SEQUENCE NAME public.products_idproduct_seq
    START WITH 1
    INCREMENT BY 1
    NO MINVALUE
    NO MAXVALUE
    CACHE 1
);


--
-- TOC entry 3437 (class 0 OID 16598)
-- Dependencies: 215
-- Data for Name: customers; Type: TABLE DATA; Schema: public; Owner: postgres
--

COPY public.customers (idcustomer, companyname, lastname, firstname, adress, city, indexcode, phone, email) FROM stdin;
1	ABC Corporation	Smith	John	123 Main St	New York	10001	555-1234	john@abccorp.com
2	XYZ Enterprises	Johnson	Emily	456 Elm St	Los Angeles	90001	555-5678	emily@xyz.com
3	LMN Industries	Williams	Michael	789 Oak St	Chicago	60601	555-9012	michael@lmnindustries.com
4	DEF Limited	Brown	Jessica	101 Pine St	Houston	77002	555-3456	jessica@def.com
5	GHI Inc.	Jones	Daniel	202 Maple St	Miami	33101	555-7890	daniel@ghiinc.com
\.


--
-- TOC entry 3439 (class 0 OID 16604)
-- Dependencies: 217
-- Data for Name: items; Type: TABLE DATA; Schema: public; Owner: postgres
--

COPY public.items (itemid, orderid, productid, quantity, total) FROM stdin;
1	1	1	5	$54.95
2	2	3	3	$45.87
3	3	2	2	$40.98
4	4	4	4	$35.96
5	5	5	1	$25.99
7	5	6	1	$27.99
\.


--
-- TOC entry 3441 (class 0 OID 16608)
-- Dependencies: 219
-- Data for Name: orders; Type: TABLE DATA; Schema: public; Owner: postgres
--

COPY public.orders (idorder, idcustomer, orderdate, shipdate, paiddate, status) FROM stdin;
1	1	2024-03-01	2024-03-03	2024-03-04	C
2	2	2024-03-02	2024-03-04	2024-03-05	P
3	3	2024-03-03	2024-03-05	2024-03-06	A
4	4	2024-03-04	2024-03-06	2024-03-07	C
5	5	2024-03-05	2024-03-07	2024-03-08	P
6	5	2024-03-05	2024-03-07	2024-03-08	P
\.


--
-- TOC entry 3445 (class 0 OID 25636)
-- Dependencies: 225
-- Data for Name: person; Type: TABLE DATA; Schema: public; Owner: postgres
--

COPY public.person (id, code, first_name, last_name, gender, email, phone, birth_date, occupation) FROM stdin;
1	A123	John	Doe	Male	john.doe@example.com	123-456-7890	1980-01-15 00:00:00	Engineer
2	B456	Jane	Smith	Female	jane.smith@example.com	987-654-3210	1985-02-20 00:00:00	Doctor
3	C789	Michael	Brown	Male	michael.brown@example.com	456-789-0123	1990-03-25 00:00:00	Teacher
4	D012	Emily	Davis	Female	emily.davis@example.com	321-654-0987	1992-04-30 00:00:00	Lawyer
5	E345	Chris	Johnson	Male	chris.johnson@example.com	654-321-8765	1988-05-10 00:00:00	Architect
6	F678	Jessica	Lee	Female	jessica.lee@example.com	789-012-3456	1995-06-15 00:00:00	Scientist
7	G901	David	Williams	Male	david.williams@example.com	012-345-6789	1982-07-20 00:00:00	Artist
8	H234	Laura	Martinez	Female	laura.martinez@example.com	345-678-9012	1986-08-25 00:00:00	Musician
9	I567	James	Garcia	Male	james.garcia@example.com	678-901-2345	1991-09-30 00:00:00	Photographer
10	J890	Sarah	Rodriguez	Female	sarah.rodriguez@example.com	901-234-5678	1993-10-05 00:00:00	Writer
101	fj48h39ru399	Anna	Ivanova	Female	test@mail.ru	89007250000	2000-01-01 00:00:00	Student
\.


--
-- TOC entry 3443 (class 0 OID 16614)
-- Dependencies: 221
-- Data for Name: products; Type: TABLE DATA; Schema: public; Owner: postgres
--

COPY public.products (idproduct, prname, prprice, instock, reorder, description) FROM stdin;
1	Product A	$10.99	100	t	Description of Product A
2	Product B	$20.49	75	f	Description of Product B
3	Product C	$15.29	50	t	Description of Product C
4	Product D	$8.99	120	f	Description of Product D
5	Product E	$25.99	90	t	Description of Product E
6	Product F	$25.99	90	t	Description of Product F
\.


--
-- TOC entry 3453 (class 0 OID 0)
-- Dependencies: 216
-- Name: customers_idcustomer_seq; Type: SEQUENCE SET; Schema: public; Owner: postgres
--

SELECT pg_catalog.setval('public.customers_idcustomer_seq', 5, true);


--
-- TOC entry 3454 (class 0 OID 0)
-- Dependencies: 218
-- Name: items_itemid_seq; Type: SEQUENCE SET; Schema: public; Owner: postgres
--

SELECT pg_catalog.setval('public.items_itemid_seq', 7, true);


--
-- TOC entry 3455 (class 0 OID 0)
-- Dependencies: 220
-- Name: orders_idorder_seq; Type: SEQUENCE SET; Schema: public; Owner: postgres
--

SELECT pg_catalog.setval('public.orders_idorder_seq', 6, true);


--
-- TOC entry 3456 (class 0 OID 0)
-- Dependencies: 222
-- Name: products_idproduct_seq; Type: SEQUENCE SET; Schema: public; Owner: postgres
--

SELECT pg_catalog.setval('public.products_idproduct_seq', 6, true);


--
-- TOC entry 3278 (class 2606 OID 16621)
-- Name: customers customers_pkey; Type: CONSTRAINT; Schema: public; Owner: postgres
--

ALTER TABLE ONLY public.customers
    ADD CONSTRAINT customers_pkey PRIMARY KEY (idcustomer);


--
-- TOC entry 3282 (class 2606 OID 16623)
-- Name: items items_pkey; Type: CONSTRAINT; Schema: public; Owner: postgres
--

ALTER TABLE ONLY public.items
    ADD CONSTRAINT items_pkey PRIMARY KEY (itemid);


--
-- TOC entry 3284 (class 2606 OID 16625)
-- Name: orders orders_pkey; Type: CONSTRAINT; Schema: public; Owner: postgres
--

ALTER TABLE ONLY public.orders
    ADD CONSTRAINT orders_pkey PRIMARY KEY (idorder);


--
-- TOC entry 3288 (class 2606 OID 25640)
-- Name: person person_pkey; Type: CONSTRAINT; Schema: public; Owner: postgres
--

ALTER TABLE ONLY public.person
    ADD CONSTRAINT person_pkey PRIMARY KEY (id);


--
-- TOC entry 3286 (class 2606 OID 16627)
-- Name: products products_pkey; Type: CONSTRAINT; Schema: public; Owner: postgres
--

ALTER TABLE ONLY public.products
    ADD CONSTRAINT products_pkey PRIMARY KEY (idproduct);


--
-- TOC entry 3280 (class 2606 OID 16629)
-- Name: customers unique_last_firstname; Type: CONSTRAINT; Schema: public; Owner: postgres
--

ALTER TABLE ONLY public.customers
    ADD CONSTRAINT unique_last_firstname UNIQUE (lastname, firstname);


--
-- TOC entry 3289 (class 2606 OID 16630)
-- Name: items items_orderid_fkey; Type: FK CONSTRAINT; Schema: public; Owner: postgres
--

ALTER TABLE ONLY public.items
    ADD CONSTRAINT items_orderid_fkey FOREIGN KEY (orderid) REFERENCES public.orders(idorder);


--
-- TOC entry 3290 (class 2606 OID 16635)
-- Name: items items_productid_fkey; Type: FK CONSTRAINT; Schema: public; Owner: postgres
--

ALTER TABLE ONLY public.items
    ADD CONSTRAINT items_productid_fkey FOREIGN KEY (productid) REFERENCES public.products(idproduct);


--
-- TOC entry 3291 (class 2606 OID 16640)
-- Name: orders orders_idcustomer_fkey; Type: FK CONSTRAINT; Schema: public; Owner: postgres
--

ALTER TABLE ONLY public.orders
    ADD CONSTRAINT orders_idcustomer_fkey FOREIGN KEY (idcustomer) REFERENCES public.customers(idcustomer);


--
-- TOC entry 3452 (class 0 OID 0)
-- Dependencies: 225
-- Name: TABLE person; Type: ACL; Schema: public; Owner: postgres
--

GRANT SELECT ON TABLE public.person TO read_only_role;
GRANT SELECT,INSERT,DELETE,UPDATE ON TABLE public.person TO read_write_role;
GRANT ALL ON TABLE public.person TO ttsypyshev;


-- Completed on 2024-05-30 08:53:51 UTC

--
-- PostgreSQL database dump complete
--

--
-- Database "postgres" dump
--

\connect postgres

--
-- PostgreSQL database dump
--

-- Dumped from database version 16.2
-- Dumped by pg_dump version 16.1

-- Started on 2024-05-30 08:53:51 UTC

SET statement_timeout = 0;
SET lock_timeout = 0;
SET idle_in_transaction_session_timeout = 0;
SET client_encoding = 'UTF8';
SET standard_conforming_strings = on;
SELECT pg_catalog.set_config('search_path', '', false);
SET check_function_bodies = false;
SET xmloption = content;
SET client_min_messages = warning;
SET row_security = off;

-- Completed on 2024-05-30 08:53:51 UTC

--
-- PostgreSQL database dump complete
--

-- Completed on 2024-05-30 08:53:51 UTC

--
-- PostgreSQL database cluster dump complete
--

